thing_id,tag_id
https://github.com/simonw/sqlite-utils,python
https://github.com/simonw/datasette,python
https://github.com/rqlite/rqlite,go
https://github.com/dpapathanasiou/simple-graph,python
https://github.com/inukshuk/sqleton,javascript
https://github.com/cldellow/sqlite-parquet-vtable,utilities
https://www.zetetic.net/sqlcipher/,security
https://github.com/benbjohnson/litestream,go
https://www.gaia-gis.it/fossil/libspatialite/,utilities
https://www.gaia-gis.it/fossil/libspatialite/,geospatial
https://github.com/nalgeon/sqlean,utilities
https://github.com/nalgeon/sqlean,c
https://github.com/thombashi/sqlitebiter,python
https://github.com/aergoio/litetree,c
https://github.com/epilys/bibliothecula,python
https://github.com/epilys/bibliothecula,rust
https://github.com/dyedgreen/deno-sqlite,webassembly
https://github.com/dyedgreen/deno-sqlite,deno
https://sqlime.org/,webassembly
https://github.com/backtrace-labs/verneuil,c
https://github.com/backtrace-labs/verneuil,rust
https://github.com/simonw/git-history,python
https://github.com/simonw/git-history,git
https://github.com/x2bool/xlite,utilities
https://github.com/x2bool/xlite,rust
https://github.com/phiresky/sqlite-zstd,rust
https://github.com/phiresky/sqlite-zstd,utilities
https://github.com/asg017/sqlite-lines,c
https://github.com/asg017/sqlite-lines,utilities
https://github.com/asg017/sqlite-html,utilities
https://github.com/asg017/sqlite-html,go
https://github.com/maxpert/marmot,go
https://github.com/maxpert/marmot,utilities
https://libsql.org/,utilities
https://libsql.org/,rust
https://libsql.org/,c
https://github.com/chiselstrike/chiselstore,rust
https://dqlite.io/,application
https://dqlite.io/,c
https://github.com/simonw/sqlite-diffable,utilities
https://github.com/simonw/sqlite-diffable,python
https://github.com/ploomber/ploomber,utilities
https://github.com/ploomber/ploomber,python
https://github.com/ploomber/ploomber,data_analysis
https://github.com/0x6b/libgsqlite,utilities
https://github.com/0x6b/libgsqlite,rust
https://github.com/vlcn-io/cr-sqlite,c
https://www.sqlteaching.com/,javascript
